{
  "winner": "LinearRegression",
  "metrics": {
    "LinearRegression": {
      "train_mae": 4.400324111273377,
      "train_rmse": 5.510129943960997,
      "train_r2": 0.6604310602434023,
      "test_mae": 4.192598578601295,
      "test_rmse": 5.409379058240097,
      "test_r2": 0.6660580375488507
    },
    "all_models": {
      "LinearRegression": {
        "train_mae": 4.400324111273377,
        "train_rmse": 5.510129943960997,
        "train_r2": 0.6604310602434023,
        "test_mae": 4.192598578601295,
        "test_rmse": 5.409379058240097,
        "test_r2": 0.6660580375488507
      },
      "RandomForest": {
        "train_mae": 2.222087529348516,
        "train_rmse": 2.869752026109562,
        "train_r2": 0.9078929189562484,
        "test_mae": 4.252932588894033,
        "test_rmse": 5.450270113172113,
        "test_r2": 0.6609902281286972
      }
    }
  },
  "features": [
    "temperatura",
    "umidade",
    "vento_velocidade",
    "vento_direcao",
    "precipitacao",
    "pressao_atmosferica"
  ],
  "trained_at": "2025-10-20T13:16:50.168803",
  "training_samples": 800,
  "test_samples": 200
}